{"cameraMode":{"drawMode":0,"name":"Shaded","section":"Shading Mode"},"sceneLighting":false,"audioPlay":false,"sceneViewState":{"showFog":true,"showMaterialUpdate":false,"showSkybox":false,"showFlares":true,"showImageEffects":true,"showParticleSystems":true},"in2DMode":false,"pivot":{"x":0.0,"y":2.55999755859375,"z":-2.0999999046325685},"rotation":{"x":-0.09312072396278382,"y":-0.03374863788485527,"z":0.003158295527100563,"w":-0.9950774312019348},"size":11.947294235229493,"orthographic":false}